repetition_id,policy,shift_hours,total_tonnes,throughput_tph,shovel_wait_time_min,crusher_wait_time_min,truck_cycle_time_min,fuel_liters_per_tonne,sag_energy_kwh_per_tonne,unit_cost_usd_per_tonne,co2_kg_per_tonne,fleet_oee_percent,shovel_starvation_pct,composite_reward
1,fixed,8,42480,5310,0.203,0.124,21.695,0.074,10.98,4.41,5.14,84,30.4,7.56
1,heuristic_min_queue,8,39840,4980,1.254,0.126,23.133,0.077,11.6,4.46,5.43,81,35,6.38
1,heuristic_expected_wait,8,40080,5010,1.249,0.081,22.994,0.077,11.91,4.49,5.57,81.1,34.5,6.01
1,drl_ppo_agent,8,39840,4980,1.328,0.116,23.133,0.077,12.47,4.54,5.82,81.1,34.1,4.93
2,fixed,8,41760,5220,0.316,0.107,22.069,0.075,10.32,4.35,4.84,83.7,31,8.66
2,heuristic_min_queue,8,39120,4890,1.532,0.101,23.558,0.078,11.43,4.45,5.35,80.3,35.7,6.04
2,heuristic_expected_wait,8,39600,4950,1.341,0.134,23.273,0.077,12.03,4.5,5.62,80.8,35,5.46
2,drl_ppo_agent,8,40080,5010,1.232,0.078,22.994,0.077,12.16,4.51,5.68,81.4,33.5,5.59
3,fixed,8,42480,5310,0.159,0.111,21.695,0.074,11.74,4.47,5.48,84,31,6.3
3,heuristic_min_queue,8,39840,4980,1.351,0.093,23.133,0.077,11.74,4.48,5.49,80.8,35,6.15
3,heuristic_expected_wait,8,40080,5010,1.272,0.097,22.994,0.077,11.61,4.47,5.43,81,34.8,6.5
3,drl_ppo_agent,8,40080,5010,1.163,0.106,22.994,0.077,11.76,4.48,5.5,81.3,34.2,6.25
4,fixed,8,42000,5250,0.267,0.108,21.943,0.075,11.51,4.45,5.38,84,30,6.68
4,heuristic_min_queue,8,39840,4980,1.348,0.129,23.133,0.077,11.8,4.48,5.52,80.9,34.9,6.04
4,heuristic_expected_wait,8,39840,4980,1.237,0.12,23.133,0.078,11.32,4.44,5.3,81.1,34.5,6.85
4,drl_ppo_agent,8,39360,4920,1.487,0.123,23.415,0.078,11.82,4.48,5.53,80.6,34.8,5.6
5,fixed,8,42000,5250,0.169,0.138,21.943,0.075,12.03,4.5,5.62,84.2,30.1,5.81
5,heuristic_min_queue,8,40080,5010,1.225,0.088,22.994,0.077,10.99,4.41,5.15,81.1,34.6,7.54
5,heuristic_expected_wait,8,40320,5040,1.252,0.107,22.857,0.077,12.14,4.51,5.67,81.1,34.5,5.62
5,drl_ppo_agent,8,39600,4950,1.359,0.117,23.273,0.078,11.97,4.5,5.59,80.8,35.1,5.56
6,fixed,8,42000,5250,0.208,0.126,21.943,0.074,11.03,4.41,5.16,83.8,31.4,7.47
6,heuristic_min_queue,8,39360,4920,1.499,0.099,23.415,0.078,11.94,4.5,5.58,80.6,34.8,5.4
6,heuristic_expected_wait,8,39840,4980,1.223,0.096,23.133,0.077,11.94,4.49,5.58,81.1,34.7,5.81
6,drl_ppo_agent,8,39840,4980,1.336,0.088,23.133,0.077,12.05,4.5,5.63,80.7,35.4,5.63
7,fixed,8,41760,5220,0.356,0.157,22.069,0.075,12.2,4.51,5.69,83.5,31.3,5.53
7,heuristic_min_queue,8,39840,4980,1.272,0.094,23.133,0.077,11.19,4.43,5.24,81.2,34.2,7.06
7,heuristic_expected_wait,8,39600,4950,1.363,0.111,23.273,0.078,11.85,4.49,5.54,81,34.1,5.76
7,drl_ppo_agent,8,39120,4890,1.525,0.178,23.558,0.078,12.17,4.52,5.68,80.3,35.6,4.81
8,fixed,8,42240,5280,0.194,0.136,21.818,0.074,11.78,4.48,5.5,84,30.5,6.23
8,heuristic_min_queue,8,39600,4950,1.367,0.152,23.273,0.078,11.86,4.49,5.55,80.8,35.1,5.73
8,heuristic_expected_wait,8,40080,5010,1.319,0.131,22.994,0.077,11.79,4.48,5.51,80.8,35.1,6.2
8,drl_ppo_agent,8,39840,4980,1.36,0.105,23.133,0.077,11.84,4.49,5.53,80.9,34.5,5.99
9,fixed,8,41760,5220,0.254,0.169,22.069,0.075,11.6,4.46,5.42,83.7,31.4,6.53
9,heuristic_min_queue,8,39600,4950,1.396,0.128,23.273,0.077,10.92,4.4,5.12,80.7,35.2,7.31
9,heuristic_expected_wait,8,40080,5010,1.236,0.122,22.994,0.077,11.7,4.47,5.47,81.3,34,6.35
9,drl_ppo_agent,8,40320,5040,1.137,0.096,22.857,0.076,12.07,4.5,5.63,81.4,34.4,5.75
10,fixed,8,42240,5280,0.215,0.148,21.818,0.075,10.89,4.4,5.1,83.9,30.9,7.71
10,heuristic_min_queue,8,40560,5070,1.114,0.091,22.722,0.076,12.05,4.5,5.63,81.4,34.3,5.78
10,heuristic_expected_wait,8,39840,4980,1.311,0.108,23.133,0.077,11.78,4.48,5.51,80.9,35,6.09
10,drl_ppo_agent,8,39840,4980,1.329,0.125,23.133,0.077,11.99,4.5,5.6,80.9,34.9,5.73